{"max": [-2.44152, 1.43054, 5.64878], "centroid": [-3.6620873185904372, 0.49159345707082647, 3.404104986083497], "id": "ffbf897d9867fadff9a62a8acc9e8cfe", "numVertices": 65749, "min": [-4.83815, 0.00654332, 0.557728]}
