{"max": [-2.24718, 4.0908, 5.62612], "centroid": [-4.861916217191371, 1.0143086423232015, 0.49895406487873334], "id": "dd0b595b15a7203e185ce5d54f27f6b9", "numVertices": 59284, "min": [-7.47477, -0.238547, -5.30809]}
